{"cameraMode":{"drawMode":0,"name":"Shaded","section":"Shading Mode"},"sceneLighting":true,"audioPlay":false,"sceneViewState":{"m_AlwaysRefresh":true,"showFog":true,"showSkybox":true,"showFlares":true,"showImageEffects":true,"showParticleSystems":true,"showVisualEffectGraphs":true,"m_FxEnabled":false},"in2DMode":false,"pivot":{"x":-64.41456604003906,"y":24.759775161743165,"z":-94.57931518554688},"rotation":{"x":0.014724448323249817,"y":0.19289715588092805,"z":-0.0028592869639396669,"w":0.9812363386154175},"size":12.206233978271485,"orthographic":false}