{"cameraMode":{"drawMode":0,"name":"Shaded","section":"Shading Mode"},"sceneLighting":true,"audioPlay":false,"sceneViewState":{"m_AlwaysRefresh":true,"showFog":true,"showSkybox":true,"showFlares":true,"showImageEffects":true,"showParticleSystems":true,"showVisualEffectGraphs":true,"m_FxEnabled":true},"in2DMode":false,"pivot":{"x":-2.7286570072174074,"y":38.30276870727539,"z":-59.06441116333008},"rotation":{"x":0.2172183096408844,"y":-0.021332675591111184,"z":0.004888006020337343,"w":0.9759724140167236},"size":12.124354362487793,"orthographic":false}