{"cameraMode":{"drawMode":0,"name":"Shaded","section":"Shading Mode"},"sceneLighting":true,"audioPlay":false,"sceneViewState":{"m_AlwaysRefresh":true,"showFog":true,"showSkybox":true,"showFlares":true,"showImageEffects":true,"showParticleSystems":true,"showVisualEffectGraphs":true,"m_FxEnabled":true},"in2DMode":false,"pivot":{"x":-39.757625579833987,"y":1.7535589933395386,"z":-1.550237774848938},"rotation":{"x":0.0674155205488205,"y":0.03171907365322113,"z":-0.002142100129276514,"w":0.9972378015518189},"size":0.24079638719558717,"orthographic":false}