{"cameraMode":{"drawMode":0,"name":"Shaded","section":"Shading Mode"},"sceneLighting":true,"audioPlay":false,"sceneViewState":{"m_AlwaysRefresh":true,"showFog":true,"showSkybox":true,"showFlares":true,"showImageEffects":true,"showParticleSystems":true,"showVisualEffectGraphs":true,"m_FxEnabled":false},"in2DMode":false,"pivot":{"x":-233.2364959716797,"y":0.9120492339134216,"z":-2.2757089138031008},"rotation":{"x":-0.08927076309919357,"y":0.08057978004217148,"z":0.007384179159998894,"w":0.992789089679718},"size":0.00002081137427012436,"orthographic":false}