{"cameraMode":{"drawMode":0,"name":"Shaded","section":"Shading Mode"},"sceneLighting":true,"audioPlay":false,"sceneViewState":{"m_AlwaysRefresh":true,"showFog":true,"showSkybox":true,"showFlares":true,"showImageEffects":true,"showParticleSystems":true,"showVisualEffectGraphs":true,"m_FxEnabled":true},"in2DMode":false,"pivot":{"x":-29.215242385864259,"y":15.087656021118164,"z":-20.462141036987306},"rotation":{"x":0.00517740473151207,"y":-0.2799871265888214,"z":0.0015415307134389878,"w":0.9600089192390442},"size":2.9580399990081789,"orthographic":false}