{"cameraMode":{"drawMode":0,"name":"Shaded","section":"Shading Mode"},"sceneLighting":true,"audioPlay":false,"sceneViewState":{"m_AlwaysRefresh":true,"showFog":true,"showSkybox":true,"showFlares":true,"showImageEffects":true,"showParticleSystems":true,"showVisualEffectGraphs":true,"m_FxEnabled":true},"in2DMode":false,"pivot":{"x":-28.570667266845704,"y":13.699196815490723,"z":-10.64233684539795},"rotation":{"x":0.184945747256279,"y":0.005050486885011196,"z":-0.0008092120406217873,"w":0.9828400015830994},"size":10.08491325378418,"orthographic":false}