{"cameraMode":{"drawMode":0,"name":"Shaded","section":"Shading Mode"},"sceneLighting":true,"audioPlay":false,"sceneViewState":{"m_AlwaysRefresh":true,"showFog":true,"showSkybox":true,"showFlares":true,"showImageEffects":true,"showParticleSystems":true,"showVisualEffectGraphs":true,"m_FxEnabled":true},"in2DMode":false,"pivot":{"x":-0.8647629022598267,"y":19.379247665405275,"z":-0.578345537185669},"rotation":{"x":0.020934397354722024,"y":0.0874941423535347,"z":-0.0016670871991664172,"w":0.9960353374481201},"size":27.372268676757814,"orthographic":false}