{"cameraMode":{"drawMode":0,"name":"Shaded","section":"Shading Mode"},"sceneLighting":true,"audioPlay":false,"sceneViewState":{"m_AlwaysRefresh":true,"showFog":true,"showSkybox":true,"showFlares":true,"showImageEffects":true,"showParticleSystems":true,"showVisualEffectGraphs":true,"m_FxEnabled":false},"in2DMode":false,"pivot":{"x":35.66191864013672,"y":131.78515625,"z":111.9704818725586},"rotation":{"x":0.0023962357081472875,"y":0.07284262031316757,"z":-0.00016292395594064146,"w":0.9973792433738709},"size":243.77227783203126,"orthographic":false}